ratingsfemale,ratingsmale
3.67357894109,3.57326229609
